[
	{
		"Id":"377cdbb7-70cb-4b75-b3ab-9c0d5344c5d9",
		"Name":"Во все тяжкие",
		"Title":"Уолтер Уайт, преподаватель химии в университе. У него есть жена и сын-инвалид, жена ждет еще одного ребенка. Уолт уже не молод и в этом возрасте часто бывают кризисы, тем более нужно кормить семью, а на зарплату преподавателя не разгуляешься, поэтому он вынужден подрабатывать на автомойке, где его же студенты над ним насмехаются, а еще сын, чью инвалидность тоже постоянно осмеивают"
	},
	{
		"Id":"e996e192-eff3-47cd-a192-f0cbe20423a6",
		"Name":"Крестный отец",
		"Title":"Лето 1945-го года. Майкл Корлеоне (Аль Пачино)  – сын главы одного из самых влиятельных мафиозных кланов Нью-Йорка – прибывает домой с фронта. Его сестра Конни выходит замуж и по этому поводу в родном поместье Корлеоне проходит праздничный прием. Дон Вито (Марлон Брандо), более известный как «Крестный отец», принимает друзей («крестников») и партнеров и никому не отказывает в одолжении. Свадьба проходит по сицилийским законам и многолетний семейный уклад остается прочным."
	},
	{
		"Id":"3176ee1b-e689-4056-8cad-bd9d10b46d2a",
		"Name":"Терминатор 2: Судный день",
		"Title":"Война роботов и людей продолжается. Казалось, что человечество обречено на полное уничтожение. Но благодаря своему лидеру Джону Коннору у сопротивления появляется шанс победить. Не имея возможности убить Джона в реальном времени, роботы отправляют в прошлое свою самую совершенную разработку — терминатора-убийцу из жидкого металла, способного принимать любое обличье."
	},
	{
		"Id":"e9fcf9eb-e774-4e02-a7a4-305d6ce2fd10",
		"Name":"Иван Васильевич меняет профессию",
		"Title":"Инженер-изобретатель Тимофеев сконструировал машину времени, которая соединила его квартиру с далеким шестнадцатым веком - точнее, с палатами государя Ивана Грозного. Туда-то и попадают тезка царя пенсионер-общественник Иван Васильевич Бунша и квартирный вор Жорж Милославский. На их место в двадцатом веке \"переселяется\" великий государь. Поломка машины вызывает много неожиданных и забавных событий"
	}
]